 month,GPP_m,NPP_m,Reco_m,NEE_m,Rh_m,Ra_m,RLEAV_m, RWOOD_m,RROOT_m,Rh4_m,Rh5_m,Rh6_m,Rh7_m,Rh8_m,pheno,NSC_yr,add_yr,store_yr, QC(1),QC(2),QC(3),QC(4),QC(5),QC(6),QC(7),QC(8), wcl(1),wcl(2),wcl(3),zwt,thawd,snowd,  ch4emission,ch4pro,ch4oxi,ch4difu,ch4ebusat,ch4pla, ch4v1,ch4v2,ch4v3,ch4v4,ch4v5,ch4v6,ch4v7,ch4v8,ch4v9,ch4v10,unsatebu
      1,         0.3336,         0.0000,        14.0710,        13.7373,        13.8510,         0.2200,         0.1652,         0.0068,         0.0480,         3.6778,         0.2814,         6.2225,         3.3610,         0.3082,       136.0000,        14.4654,         0.0000,         0.0727,       143.4448,        68.8998,       173.2437,       283.6976,       255.8040,       455.8375,     82129.7109,     72473.5312,         0.9258,         0.9477,         0.9483,       -54.7829,       150.0000,         0.2120,         0.3276,         0.8139,         0.1931,         0.0781,         0.1195,         0.1300,         0.0061,         1.8400,         4.0270,         6.0178,         7.1865,         7.7271,         7.8316,         7.8921,         7.9560,         8.0215,         0.0000
      2,         3.2914,         0.0027,        13.8033,        10.5119,        13.7611,         0.0422,         0.0310,         0.0015,         0.0097,         3.7605,         0.2785,         6.1172,         3.3021,         0.3029,       136.0000,        14.4654,         0.0000,         0.0727,       132.5454,        67.1144,       166.2414,       293.1922,       256.6792,       456.1736,     82124.0859,     72473.5312,         0.9529,         0.9446,         0.9465,       -47.9615,       150.0000,         0.4940,         0.4004,         0.8094,         0.1543,         0.1466,         0.1200,         0.1338,         0.0066,         1.8821,         4.0537,         6.0282,         7.2758,         7.8459,         7.9436,         7.9982,         8.0562,         8.1159,         0.0000
      3,         8.2365,         0.0000,        13.9350,         5.6986,        13.8762,         0.0589,         0.0432,         0.0020,         0.0136,         3.8807,         0.2798,         6.1153,         3.2979,         0.3025,       136.0000,        14.4654,         0.0000,         0.0727,       122.4730,        65.3887,       159.5732,       301.3040,       257.5060,       456.6572,     82118.4609,     72473.5312,         0.8604,         0.9404,         0.9437,       -68.5464,       150.0000,         0.5330,         0.4062,         0.7613,         0.1997,         0.0699,         0.2014,         0.1349,         0.0058,         1.9535,         4.0954,         5.9183,         7.2840,         7.9095,         8.0139,         8.0700,         8.1276,         8.1864,         0.0000
      4,        24.8467,         0.9427,        19.5762,        -5.2704,        15.7931,         3.7831,         2.9093,         0.1775,         0.6963,         4.5379,         0.3202,         6.8863,         3.7085,         0.3402,       136.0000,        14.4654,         0.0000,         0.0727,       113.6301,        63.7780,       153.4593,       306.7082,       258.2026,       457.4211,     82111.4453,     72474.8750,         0.9525,         0.9362,         0.9408,        16.4027,       150.0000,         0.0000,         0.7186,         1.1460,         0.0585,         0.4466,         0.0875,         0.1845,         0.0549,         1.7227,         4.0144,         5.7049,         7.2270,         8.0068,         8.1298,         8.1922,         8.2533,         8.3150,         0.0000
      5,        60.5902,        50.2339,        63.0366,         2.4464,        35.2432,        27.7934,        21.5405,         1.7667,         4.4861,        10.2864,         0.7292,        15.2756,         8.1996,         0.7523,       129.0000,        14.4654,         0.0000,         0.0727,       144.9512,        63.9303,       154.4342,       299.2409,       257.9281,       459.3408,     82091.0000,     72483.0391,         0.9527,         0.9378,         0.9414,       -47.2555,       150.0000,         0.0000,         1.7481,         2.6349,         0.4733,         0.4124,         0.6776,         0.6581,         0.0117,         1.0816,         3.4845,         4.7356,         6.3899,         8.1318,         8.3972,         8.5297,         8.6308,         8.7095,         0.0000
      6,        99.9501,        50.6305,       102.8284,         2.8783,        53.7304,        49.0979,        37.2810,         3.4422,         8.3747,        15.2030,         1.1205,        23.6260,        12.6222,         1.1587,       129.0000,        14.4654,         0.0000,         0.0727,       163.5665,        66.1456,       163.5632,       282.8255,       256.7300,       461.3123,     82058.5859,     72498.0391,         0.9523,         0.9316,         0.9384,        41.4449,       150.0000,         0.0000,         2.5109,         4.6368,         0.7405,         0.7516,         0.8556,         0.9036,         0.1607,         1.4552,         3.6780,         4.7184,         6.2260,         8.2873,         8.6534,         8.8412,         8.9913,         9.1106,         0.0000
      7,       138.7211,        59.8352,       150.5975,        11.8764,        83.4891,        67.1084,        49.3726,         5.1412,        12.5945,        22.2001,         1.7760,        37.6375,        20.0350,         1.8405,       129.0000,        14.4654,         0.0000,         0.0727,       179.9027,        70.3279,       180.3622,       250.1213,       253.9659,       461.7278,     82006.6016,     72513.0469,         0.9526,         0.9329,         0.9386,         2.6035,       150.0000,         0.0000,         6.1668,         9.7569,         0.8578,         2.9196,         1.7319,         1.5154,         0.2772,         2.3510,         4.9746,         5.7622,         6.7663,         8.9886,         9.3555,         9.5404,         9.6978,         9.8296,         0.0000
      8,       137.9567,        54.7795,       149.9568,        12.0000,        79.1215,        70.8353,        53.6644,         5.3973,        11.7736,        19.0839,         1.6941,        36.8622,        19.6726,         1.8087,       129.0000,        14.4654,         0.0000,         0.0727,       192.5267,        73.8984,       194.4767,       226.7068,       251.4816,       458.6746,     81955.4219,     72527.4297,         0.8782,         0.9344,         0.9394,       -67.5735,       150.0000,         0.0000,         7.1110,         9.6393,         0.7639,         2.9398,         2.4575,         1.7138,         0.0039,         1.8488,         4.8624,         5.6446,         6.6120,         9.0655,         9.4409,         9.6199,         9.7790,         9.9188,         0.0000
      9,        90.0120,        26.5482,       111.7775,        21.7655,        48.8560,        62.9214,        50.2105,         4.5613,         8.1497,        11.0842,         1.0373,        23.1556,        12.4350,         1.1441,       129.0000,        14.4654,         0.0000,         0.0727,       190.5255,        74.8289,       197.9308,       224.0381,       250.5736,       455.8489,     81924.3750,     72539.5391,         0.7375,         0.8575,         0.9418,       -95.4568,       150.0000,         0.0000,         2.6430,         3.5620,         1.1330,         0.0713,         1.5881,         0.9835,         0.0071,         0.5124,         3.5565,         4.4786,         5.7209,         8.1784,         8.5851,         8.7827,         8.9599,         9.1174,         0.3628
     10,        50.0059,        15.7483,        81.5632,        31.5573,        31.8589,        49.7043,        40.7567,         3.1781,         5.7695,         7.2479,         0.6689,        15.0651,         8.1288,         0.7482,       129.0000,        14.4654,         0.0000,         0.0727,       183.4903,        74.6325,       196.8609,       230.1469,       250.5624,       454.1331,     81903.7266,     72546.8203,         0.8616,         0.9414,         0.9443,       -69.5910,       150.0000,         0.0000,         1.3384,         2.1034,         0.8195,         0.0674,         0.6381,         0.6328,         0.0041,         0.7238,         3.2466,         4.2264,         5.5509,         7.6007,         7.9841,         8.1722,         8.3402,         8.4881,         0.3640
     11,        10.2188,         0.0239,        40.7826,        30.5638,        17.0272,        23.7555,        19.6609,         0.9507,         3.1439,         3.9281,         0.3488,         8.0148,         4.3362,         0.3992,       129.0000,        14.4654,         0.0000,         0.0727,       169.5576,        72.8822,       189.6546,       242.5887,       251.2545,       453.3197,     81895.3516,     72549.4844,         0.8286,         0.9391,         0.9470,       -74.8632,       150.0000,         0.0520,         0.8751,         1.0386,         0.1982,         0.0212,         0.5035,         0.3505,         0.0020,         0.9718,         3.6792,         5.0181,         6.1725,         7.3228,         7.5928,         7.7309,         7.8639,         7.9903,         0.0000
     12,         2.2430,         0.0000,        26.6323,        24.3893,        15.5376,        11.0947,         8.4631,         0.3322,         2.2994,         3.7839,         0.3179,         7.1852,         3.8923,         0.3584,       129.0000,        14.4654,         0.0000,         0.0727,       154.6224,        70.8386,       181.3648,       257.4127,       252.2609,       452.9325,     81888.7891,     72549.4844,         0.8084,         0.9470,         0.9481,       -74.4029,       150.0000,         0.1499,         0.3838,         0.8888,         0.1855,         0.0353,         0.2009,         0.1476,         0.0032,         1.7138,         3.9579,         5.9348,         6.9161,         7.4580,         7.5947,         7.6721,         7.7558,         7.8425,         0.0000
     13,         1.6746,         0.0000,        13.2692,        11.5945,        12.3580,         0.9112,         0.6829,         0.0282,         0.2002,         3.1535,         0.2525,         5.6238,         3.0476,         0.2806,       129.0000,        16.0603,         0.0000,         0.0808,       142.8723,        69.1557,       174.6401,       268.9208,       253.1129,       452.8737,     81882.6094,     72549.4844,         0.7946,         0.9473,         0.9481,       -76.3166,       150.0000,         0.2191,         0.2423,         0.6326,         0.1321,         0.0246,         0.0897,         0.1280,         0.0028,         1.7677,         3.9865,         6.1256,         7.1545,         7.6303,         7.7189,         7.7700,         7.8295,         7.8942,         0.0000
     14,         3.1899,         0.0000,        12.6664,         9.4764,        12.6618,         0.0046,         0.0034,         0.0001,         0.0010,         3.3447,         0.2580,         5.6914,         3.0838,         0.2840,       129.0000,        16.0603,         0.0000,         0.0808,       132.0150,        67.4574,       167.9477,       279.0843,       253.9672,       453.0059,     81876.9844,     72549.4844,         0.8514,         0.9458,         0.9472,       -68.3588,       150.0000,         0.4041,         0.2225,         0.6045,         0.1145,         0.0263,         0.0659,         0.1303,         0.0032,         1.7807,         4.0428,         6.1752,         7.2726,         7.7768,         7.8546,         7.8966,         7.9462,         8.0010,         0.0000
     15,        24.7397,         1.1256,        16.9572,        -7.7825,        13.4888,         3.4683,         2.6334,         0.1655,         0.6694,         3.6673,         0.2744,         5.9992,         3.2487,         0.2992,       129.0000,        16.0603,         0.0000,         0.0808,       122.5287,        65.8121,       161.5697,       287.6853,       254.8217,       453.3336,     81871.3594,     72549.4844,         0.9529,         0.9435,         0.9455,        16.3928,       150.0000,         0.2200,         0.4210,         0.8456,         0.0662,         0.2611,         0.0258,         0.1341,         0.0300,         1.8292,         4.1006,         6.1639,         7.3603,         7.9106,         7.9926,         8.0342,         8.0832,         8.1377,         0.0000
     16,        31.1126,        41.2951,        27.8984,        -3.2143,        14.9822,        12.9162,        10.6446,         0.5322,         1.7394,         4.1930,         0.3057,         6.5902,         3.5650,         0.3284,        94.0000,        16.0603,         0.0000,         0.0808,       151.9807,        64.3179,       155.8823,       295.3907,       255.5681,       453.9031,     81864.6875,     72550.4922,         0.9526,         0.9338,         0.9394,         2.0819,       150.0000,         0.0000,         0.7816,         1.0846,         0.0481,         0.4529,         0.1639,         0.1648,         0.0539,         1.8074,         4.1406,         6.0454,         7.3488,         8.0146,         8.1142,         8.1627,         8.2154,         8.2730,         0.0000
     17,        79.7799,        30.8668,        77.0900,        -2.6899,        36.3471,        40.7429,        31.9883,         2.6513,         6.1032,        10.4556,         0.7582,        15.8165,         8.5308,         0.7859,        94.0000,        16.0603,         0.0000,         0.0808,       157.2489,        65.2778,       160.0206,       290.0738,       255.2464,       455.7285,     81842.8906,     72558.5469,         0.9527,         0.9379,         0.9418,        34.3393,       150.0000,         0.0000,         1.8838,         2.9445,         0.3895,         0.6737,         0.4462,         0.7639,         0.1073,         1.0057,         3.3440,         4.7148,         6.3656,         8.1777,         8.4329,         8.5540,         8.6472,         8.7219,         0.0000
     18,       120.9797,        47.6614,       117.6030,        -3.3767,        57.9174,        59.6856,        44.8710,         4.4847,        10.3299,        16.0997,         1.2153,        25.5941,        13.7416,         1.2666,        94.0000,        16.0603,         0.0000,         0.0808,       168.2759,        68.2788,       172.1954,       271.6184,       253.8465,       457.5504,     81808.1719,     72573.4609,         0.9525,         0.9307,         0.9374,       -20.9188,       150.0000,         0.0000,         3.9209,         5.9895,         0.6596,         1.6787,         1.1885,         1.0537,         0.1209,         1.6173,         3.8665,         4.8112,         6.2876,         8.4251,         8.7892,         8.9710,         9.1167,         9.2336,         0.0000
     19,       147.8284,        61.5926,       155.0045,         7.1761,        80.5027,        74.5018,        55.5033,         5.9256,        13.0728,        20.9381,         1.7141,        36.5017,        19.5459,         1.8029,        94.0000,        16.0603,         0.0000,         0.0808,       185.1201,        72.5806,       189.3431,       243.6170,       251.3552,       457.3984,     81758.1953,     72587.5234,         0.9526,         0.9337,         0.9391,       -29.8048,       150.0000,         0.0000,         4.5385,         8.4906,         1.5634,         1.4722,         1.6579,         1.4085,         0.0870,         2.0884,         4.7607,         5.5356,         6.6019,         8.9117,         9.2881,         9.4737,         9.6320,         9.7661,         0.0000
     20,       134.6104,        51.4820,       146.6777,        12.0674,        70.9319,        75.7459,        58.1456,         5.9353,        11.6650,        16.9767,         1.5125,        33.0549,        17.7494,         1.6385,        94.0000,        16.0603,         0.0000,         0.0808,       195.7584,        75.7703,       201.8136,       227.3350,       249.4740,       454.7693,     81713.4453,     72601.5312,         0.8707,         0.9341,         0.9394,       -68.1935,       150.0000,         0.0000,         4.0936,         6.9872,         1.7227,         0.5551,         2.1665,         1.3720,         0.0036,         1.4916,         4.3436,         5.1637,         6.2717,         8.7339,         9.1279,         9.3166,         9.4830,         9.6292,         0.0000
     21,        90.3199,        29.4371,       107.9459,        17.6260,        43.4643,        64.4815,        51.2795,         4.6847,         8.5173,         9.9364,         0.9137,        20.5178,        11.0736,         1.0228,        94.0000,        16.0603,         0.0000,         0.0808,       194.8672,        76.9863,       206.3163,       228.0869,       248.8833,       452.5428,     81686.1719,     72612.5938,         0.7199,         0.7383,         0.9068,      -128.2707,       150.0000,         0.0000,         1.8614,         2.9151,         1.5002,         0.0966,         0.9424,         0.8224,         0.0382,         0.0271,         3.0973,         4.2474,         5.5462,         7.9331,         8.3522,         8.5595,         8.7376,         8.8885,         0.8291
     22,        34.6524,         7.8311,        68.8283,        34.1759,        25.0244,        43.8039,        36.1722,         2.5226,         5.1090,         5.7834,         0.5155,        11.7644,         6.3723,         0.5888,        94.0000,        16.0603,         0.0000,         0.0808,       183.7480,        76.0670,       202.2968,       237.8770,       249.2034,       451.4405,     81670.8828,     72618.2188,         0.7657,         0.8761,         0.9439,       -89.8424,       150.0000,         0.0000,         0.4688,         1.3360,         1.3546,         0.0794,         0.0167,         0.3727,         0.0034,         0.2140,         1.9051,         3.8286,         5.4716,         7.4107,         7.7789,         7.9613,         8.1210,         8.2601,         0.7543
     23,         6.4735,         0.0000,        38.0927,        31.6192,        17.5823,        20.5104,        16.3695,         0.6978,         3.4430,         4.1577,         0.3549,         8.2056,         4.4525,         0.4115,        94.0000,        16.0603,         0.0000,         0.0808,       169.7845,        74.1953,       194.5299,       250.2986,       249.9757,       450.7975,     81660.2500,     72623.2266,         0.9372,         0.9429,         0.9458,       -53.5458,       150.0000,         0.0370,         0.6948,         1.1489,         0.1987,         0.0696,         0.3398,         0.2854,         0.0046,         0.9135,         2.5705,         4.5942,         6.0775,         7.3015,         7.5856,         7.7310,         7.8578,         7.9667,         0.0000
     24,         0.6939,         0.0000,        24.3417,        23.6478,        16.6967,         7.6451,         5.8274,         0.2313,         1.5863,         4.1633,         0.3377,         7.6545,         4.1570,         0.3843,        94.0000,        16.0603,         0.0000,         0.0808,       154.8292,        71.9606,       185.4020,       265.0901,       251.0945,       450.5675,     81653.6875,     72623.2266,         0.9214,         0.9480,         0.9488,       -55.2767,       150.0000,         0.0685,         0.4274,         1.0488,         0.2331,         0.0845,         0.2055,         0.1374,         0.0052,         1.5516,         3.2928,         5.4929,         6.8202,         7.4769,         7.6354,         7.7213,         7.8044,         7.8839,         0.0000
     25,         0.9398,         0.0000,        13.9538,        13.0140,        13.5121,         0.4418,         0.3303,         0.0137,         0.0977,         3.5320,         0.2736,         6.0920,         3.3086,         0.3059,        94.0000,        14.9018,         0.0000,         0.0749,       143.0634,        70.0865,       177.8710,       276.4818,       252.0531,       450.6702,     81648.0625,     72623.2266,         0.9530,         0.9470,         0.9479,       -46.0057,       150.0000,         0.2321,         0.3648,         0.8272,         0.1182,         0.1646,         0.0790,         0.1212,         0.0073,         1.7169,         3.6459,         5.7549,         7.0940,         7.6727,         7.7795,         7.8369,         7.8971,         7.9591,         0.0000
     26,         2.0844,         0.0000,        13.4883,        11.4038,        13.4850,         0.0033,         0.0024,         0.0001,         0.0007,         3.6435,         0.2725,         6.0069,         3.2606,         0.3014,        94.0000,        14.9018,         0.0000,         0.0749,       132.1917,        68.2700,       170.6805,       286.4653,       252.9722,       450.9742,     81642.4375,     72623.2266,         0.8966,         0.9423,         0.9452,       -61.7347,       150.0000,         0.4258,         0.3238,         0.6958,         0.1439,         0.0546,         0.1421,         0.1272,         0.0040,         1.8093,         3.8537,         5.7323,         7.1892,         7.8059,         7.9003,         7.9470,         7.9977,         8.0512,         0.0000
     27,         6.3358,         0.0007,        13.4520,         7.1162,        13.3642,         0.0879,         0.0639,         0.0031,         0.0209,         3.7050,         0.2692,         5.8966,         3.1978,         0.2957,        94.0000,        14.9018,         0.0000,         0.0749,       122.1465,        66.5402,       163.9338,       295.0406,       253.8268,       451.4273,     81636.8125,     72623.2266,         0.9527,         0.9398,         0.9434,       -43.4595,       150.0000,         0.4497,         0.3178,         0.6912,         0.1614,         0.0494,         0.1388,         0.1295,         0.0073,         1.8608,         3.9118,         5.6637,         7.2057,         7.8850,         7.9866,         8.0343,         8.0838,         8.1350,         0.0000
     28,        16.2373,         0.3067,        14.5802,        -1.6571,        13.6528,         0.9273,         0.6929,         0.0460,         0.1884,         3.8633,         0.2742,         5.9780,         3.2379,         0.2994,        94.0000,        14.9018,         0.0000,         0.0749,       113.0168,        64.8286,       157.3616,       302.2508,       254.6666,       452.0305,     81631.1875,     72623.2266,         0.9527,         0.9372,         0.9418,        46.8986,       150.0000,         0.0000,         0.5067,         0.8991,         0.0573,         0.3221,         0.0523,         0.1323,         0.0308,         1.8911,         3.9233,         5.6007,         7.2506,         7.9711,         8.0830,         8.1349,         8.1868,         8.2397,         0.0000
     29,        51.0326,        36.7727,        40.9641,       -10.0684,        20.7977,        20.1665,        15.2099,         1.2844,         3.6722,         6.1327,         0.4286,         8.9512,         4.8378,         0.4474,       136.0000,        14.9018,         0.0000,         0.0749,       133.4189,        64.5598,       156.6256,       303.9052,       255.1207,       453.3578,     81620.3516,     72626.4922,         0.9528,         0.9389,         0.9422,        -1.3262,       150.0000,         0.0000,         1.0894,         1.5072,         0.2024,         0.4298,         0.3480,         0.3116,         0.0706,         1.2725,         3.9212,         5.3475,         6.9850,         8.0932,         8.2348,         8.2977,         8.3640,         8.4370,         0.0000
     30,        99.5685,        61.4925,        92.1671,        -7.4014,        46.9634,        45.2037,        33.6623,         3.1556,         8.3858,        13.7483,         0.9798,        20.3049,        10.9203,         1.0102,       136.0000,        14.9018,         0.0000,         0.0749,       163.3344,        66.7473,       165.6536,       290.2695,       254.2715,       456.1118,     81592.1875,     72637.6484,         0.9526,         0.9346,         0.9400,         7.1700,       150.0000,         0.0000,         2.7547,         4.4299,         0.5142,         1.2347,         0.6511,         0.8689,         0.1913,         1.5682,         3.5978,         4.7404,         6.3813,         8.3422,         8.6400,         8.7821,         8.8976,         8.9949,         0.0000
     31,       130.2484,        53.3077,       134.7398,         4.4914,        72.7449,        61.9949,        46.1291,         4.6289,        11.2369,        20.0090,         1.5291,        32.3257,        17.2814,         1.5996,       136.0000,        14.9018,         0.0000,         0.0749,       176.4701,        70.2574,       179.7493,       262.9992,       252.1283,       457.8678,     81547.1797,     72651.2109,         0.9526,         0.9341,         0.9394,       -38.1299,       150.0000,         0.0000,         5.6745,         8.2915,         0.6388,         2.7142,         1.5826,         1.3776,         0.0356,         1.7368,         4.4957,         5.3403,         6.5387,         8.7603,         9.1304,         9.3174,         9.4724,         9.5988,         0.0000
     32,       130.9189,        50.3514,       132.4011,         1.4821,        60.1465,        72.2545,        55.2053,         5.6753,        11.3739,        15.4796,         1.2672,        27.4087,        14.6354,         1.3556,       136.0000,        14.9018,         0.0000,         0.0749,       187.3804,        73.4774,       192.5219,       248.9705,       250.7294,       457.3605,     81510.4688,     72666.4922,         0.7839,         0.9353,         0.9405,       -80.6057,       150.0000,         0.0000,         2.8394,         4.9538,         1.1637,         0.1269,         1.6088,         1.1037,         0.0037,         1.6074,         4.0877,         4.9422,         6.1894,         8.5039,         8.9011,         9.0995,         9.2718,         9.4212,         0.0000
     33,        93.1318,        42.7695,       118.0214,        24.8896,        56.8389,        61.1824,        47.2058,         4.3372,         9.6394,        13.8845,         1.1909,        26.3572,        14.0995,         1.3068,       136.0000,        14.9018,         0.0000,         0.0749,       193.6183,        75.8162,       201.5779,       240.2019,       249.6103,       455.6261,     81475.3281,     72680.1484,         0.8572,         0.9374,         0.9415,       -73.0018,       150.0000,         0.0000,         2.7913,         4.9485,         1.2658,         0.1402,         1.5469,         1.1042,         0.0025,         1.0340,         3.7925,         4.6486,         5.9163,         8.2365,         8.6439,         8.8493,         9.0262,         9.1764,         0.0000
     34,        36.4929,        10.9001,        69.6947,        33.2018,        33.4111,        36.2837,        29.9974,         1.8578,         4.4285,         7.9434,         0.6854,        15.6213,         8.3835,         0.7774,       136.0000,        14.9018,         0.0000,         0.0749,       184.0379,        74.9077,       197.6040,       245.1332,       249.6941,       454.2470,     81453.7812,     72688.6094,         0.9528,         0.9425,         0.9451,       -24.7495,       150.0000,         0.0673,         2.5625,         3.1480,         0.2793,         0.7760,         0.9584,         0.8281,         0.0233,         0.7744,         3.3011,         4.2932,         5.7150,         7.7187,         8.1052,         8.3020,         8.4727,         8.6177,         0.0000
     35,         4.7800,         0.0000,        32.9769,        28.1969,        17.6634,        15.3134,        12.4545,         0.4687,         2.3902,         4.2582,         0.3541,         8.2202,         4.4207,         0.4101,       136.0000,        14.9018,         0.0000,         0.0749,       170.0525,        72.9446,       189.5280,       257.6519,       250.5445,       453.6502,     81443.8125,     72692.9531,         0.9529,         0.9446,         0.9465,       -49.6367,       150.0000,         0.1432,         1.0111,         1.2734,         0.2619,         0.1386,         0.5613,         0.3112,         0.0070,         1.2738,         3.6467,         5.0435,         6.3350,         7.4464,         7.7220,         7.8675,         7.9991,         8.1156,         0.0000
     36,         0.4361,         0.0000,        19.8227,        19.3865,        15.8937,         3.9289,         2.9805,         0.1161,         0.8323,         4.0337,         0.3186,         7.2673,         3.9113,         0.3629,       136.0000,        14.9018,         0.0000,         0.0749,       155.0735,        70.7258,       180.5473,       272.6496,       251.6964,       453.4756,     81437.2422,     72692.9531,         0.9530,         0.9477,         0.9482,       -48.3961,       150.0000,         0.2107,         0.4056,         0.8922,         0.1645,         0.0695,         0.1970,         0.1392,         0.0030,         1.7550,         3.8038,         5.7640,         6.9679,         7.5656,         7.7159,         7.8012,         7.8824,         7.9580,         0.0000
     37,         0.4149,         0.0000,        13.0481,        12.6332,        12.9020,         0.1461,         0.1099,         0.0045,         0.0317,         3.4211,         0.2582,         5.8073,         3.1254,         0.2900,       136.0000,        14.4638,         0.0000,         0.0727,       143.2891,        68.8978,       173.2689,       284.1558,       252.6591,       453.5881,     81430.7734,     72692.9531,         0.9300,         0.9466,         0.9476,       -54.3634,       150.0000,         0.2257,         0.2492,         0.5932,         0.0757,         0.0297,         0.0927,         0.1268,         0.0048,         1.7583,         3.9287,         5.8821,         7.1663,         7.7222,         7.8308,         7.8911,         7.9490,         8.0038,         0.0000
     38,         1.0849,         0.0000,        12.2042,        11.1193,        12.2012,         0.0030,         0.0023,         0.0001,         0.0007,         3.3374,         0.2437,         5.4289,         2.9202,         0.2710,       136.0000,        14.4638,         0.0000,         0.0727,       132.4003,        67.2048,       166.6251,       294.3368,       253.5432,       453.8621,     81424.9297,     72692.9531,         0.9530,         0.9444,         0.9474,       -48.4923,         0.0000,         0.4757,         0.2474,         0.4976,         0.0685,         0.0251,         0.0994,         0.1229,         0.0027,         1.5029,         3.8363,         5.7487,         7.2380,         7.8392,         7.9355,         7.9854,         8.0360,         8.0850,         0.0000
     39,         7.1078,         0.0029,         5.2189,        -1.8888,         5.1218,         0.0972,         0.0709,         0.0034,         0.0229,         1.4359,         0.1015,         2.2579,         1.2138,         0.1126,       136.0000,        14.4638,         0.0000,         0.0727,       122.9024,        66.4755,       163.7939,       303.5781,       253.9365,       454.0344,     81420.8438,     72692.9531,         0.9530,         0.9295,         0.9489,       -17.0981,         0.0000,         0.3345,         0.1247,         0.1537,         0.0410,         0.0219,         0.0000,         0.1028,         0.0026,         1.0589,         3.3338,         5.3132,         7.1671,         7.8549,         7.9520,         8.0025,         8.0598,         8.1129,         0.0000
     40,        22.9280,         0.1374,        15.7752,        -7.1528,        13.0610,         2.7142,         1.9849,         0.1030,         0.6263,         3.7893,         0.2613,         5.6780,         3.0495,         0.2830,       136.0000,        14.4638,         0.0000,         0.0727,       113.6292,        64.8363,       157.4945,       310.8276,       254.7415,       454.7005,     81414.7969,     72693.0547,         0.9528,         0.9399,         0.9435,         4.8249,       132.5400,         0.0000,         0.2347,         0.5315,         0.0107,         0.1426,         0.0000,         0.0921,         0.0294,         1.0538,         3.0987,         5.1649,         7.2238,         8.0278,         8.1508,         8.2128,         8.2743,         8.3289,         0.0000
     41,        65.8817,        45.6347,        49.7317,       -16.1500,        24.3421,        25.3897,        19.1339,         1.6530,         4.6028,         7.3795,         0.5030,        10.3824,         5.5611,         0.5161,       132.0000,        14.4638,         0.0000,         0.0727,       140.8043,        64.9280,       158.1951,       309.8026,       255.0155,       456.5010,     81402.0938,     72697.4453,         0.9066,         0.9322,         0.9383,       -65.3634,       150.0000,         0.0000,         1.2097,         1.8015,         0.2183,         0.5190,         0.3767,         0.3140,         0.0035,         1.1860,         3.3680,         5.0046,         6.8721,         8.1945,         8.3981,         8.5013,         8.5796,         8.6498,         0.0000
     42,       122.0518,        67.3759,       115.0001,        -7.0516,        56.0306,        58.9696,        42.9818,         4.3485,        11.6393,        16.3778,         1.1575,        24.3352,        12.9570,         1.2031,       132.0000,        14.4638,         0.0000,         0.0727,       169.8642,        68.3013,       171.8847,       289.9859,       253.7165,       459.4832,     81368.1641,     72711.5000,         0.9527,         0.9367,         0.9414,        38.7818,       150.0000,         0.0000,         4.3387,         6.1035,         0.1080,         2.3907,         0.8488,         1.0993,         0.2236,         1.6872,         3.6736,         4.7892,         6.3726,         8.4815,         8.8391,         9.0173,         9.1431,         9.2565,         0.0000
     43,       146.5613,        55.3879,       143.3825,        -3.1788,        71.3349,        72.0476,        53.9066,         5.6230,        12.5179,        19.5178,         1.4847,        31.8776,        16.8859,         1.5689,       132.0000,        14.4638,         0.0000,         0.0727,       183.5997,        71.9825,       186.5817,       264.7993,       251.7313,       460.6404,     81324.6484,     72724.8906,         0.9526,         0.9343,         0.9397,       -46.8573,       150.0000,         0.0000,         5.2785,         7.9542,         0.8301,         2.2604,         1.6420,         1.3761,         0.0238,         1.8091,         4.3659,         5.2372,         6.4414,         8.7496,         9.1421,         9.3367,         9.4906,         9.6312,         0.0000
     44,       135.7145,        56.3961,       149.1239,        13.4095,        67.8851,        81.2389,        61.9504,         6.6225,        12.6660,        17.4450,         1.4277,        31.0477,        16.4364,         1.5282,       132.0000,        14.4638,         0.0000,         0.0727,       196.7859,        75.7445,       201.3909,       247.1170,       249.9939,       459.6848,     81283.3438,     72738.7344,         0.9528,         0.9392,         0.9429,       -39.2331,       150.0000,         0.0000,         3.3684,         6.0404,         1.3514,         0.3514,         1.7588,         1.2582,         0.0304,         1.5552,         4.2498,         5.0818,         6.2572,         8.6636,         9.0684,         9.2627,         9.4253,         9.5743,         0.0000
     45,        91.0705,        38.7603,       109.3000,        18.2296,        50.1196,        59.1804,        46.2781,         4.0449,         8.8574,        12.2526,         1.0458,        23.3007,        12.3697,         1.1508,       132.0000,        14.4638,         0.0000,         0.0727,       200.4073,        77.5832,       208.3312,       242.6527,       249.2429,       457.9145,     81252.2578,     72751.5781,         0.9528,         0.9393,         0.9429,       -45.8238,       150.0000,         0.0000,         3.9957,         5.2366,         0.6442,         1.2398,         1.5866,         1.1693,         0.0169,         1.0325,         3.6326,         4.5295,         5.8507,         8.2106,         8.6122,         8.8030,         8.9703,         9.1231,         0.0000
     46,        42.2944,         9.8357,        70.2439,        27.9495,        30.8810,        39.3629,        33.6867,         2.1063,         3.5700,         7.4376,         0.6304,        14.4198,         7.6785,         0.7147,       132.0000,        14.4638,         0.0000,         0.0727,       189.9333,        76.5357,       203.7367,       249.7131,       249.5145,       456.6939,     81232.4375,     72758.4375,         0.9515,         0.9379,         0.9419,       -63.2576,       150.0000,         0.0000,         1.9618,         2.4698,         0.5445,         0.1804,         1.0473,         0.7341,         0.0046,         0.7279,         3.2557,         4.3164,         5.7282,         7.7000,         8.0586,         8.2295,         8.3888,         8.5324,         0.0000
     47,         6.2650,         0.0000,        33.4191,        27.1541,        14.9026,        18.5165,        15.1624,         0.6519,         2.7022,         3.5846,         0.2931,         6.9642,         3.7149,         0.3459,       132.0000,        14.4638,         0.0000,         0.0727,       175.4998,        74.7373,       196.2642,       263.6495,       250.3701,       456.1030,     81223.3438,     72760.7891,         0.9170,         0.9397,         0.9476,       -58.3439,       150.0000,         0.0072,         0.7595,         0.9614,         0.1879,         0.0589,         0.4363,         0.2643,         0.0024,         1.2810,         3.6545,         5.1954,         6.4059,         7.4177,         7.6580,         7.7808,         7.9145,         8.0341,         0.0000
     48,         1.9101,         0.0000,        18.3346,        16.4245,         7.8818,        10.4528,         7.9788,         0.3129,         2.1611,         2.0248,         0.1551,         3.6008,         1.9221,         0.1790,       132.0000,        14.4638,         0.0000,         0.0727,       160.0807,        73.4573,       191.0071,       279.9259,       251.1068,       456.0213,     81216.7109,     72760.7891,         0.9530,         0.9443,         0.9484,       -43.0946,         0.0000,         0.0500,         0.1862,         0.3430,         0.0557,         0.0247,         0.0407,         0.1208,         0.0026,         1.2523,         3.4887,         5.7104,         6.9563,         7.5044,         7.6121,         7.6809,         7.7771,         7.8627,         0.0000
     49,         1.5161,         0.0000,         3.4747,         1.9586,         3.1019,         0.3729,         0.2786,         0.0115,         0.0828,         0.8205,         0.0602,         1.4027,         0.7488,         0.0697,       132.0000,        14.7402,         0.0000,         0.0741,       150.0314,        72.8973,       188.7222,       290.5379,       251.4525,       456.0306,     81215.3906,     72760.7891,         0.9530,         0.9443,         0.9420,       -40.2937,         0.0000,         0.1041,         0.1204,         0.0973,         0.0352,         0.0205,         0.0036,         0.0962,         0.0020,         0.9792,         3.2403,         5.5842,         7.0808,         7.6093,         7.6750,         7.7193,         7.7918,         7.8572,         0.0000
     50,         0.8733,         0.0000,         2.4391,         1.5658,         2.4390,         0.0001,         0.0001,         0.0000,         0.0000,         0.6536,         0.0465,         1.0982,         0.5862,         0.0546,       132.0000,        14.7402,         0.0000,         0.0741,       141.4488,        72.4034,       186.7184,       299.7667,       251.7707,       456.0473,     81215.3906,     72760.7891,         0.9530,         0.9443,         0.9407,       -50.8588,         0.0000,         0.1116,         0.1047,         0.0668,         0.0299,         0.0174,         0.0000,         0.0873,         0.0016,         0.8786,         2.9876,         5.0471,         7.0651,         7.7112,         7.7738,         7.8091,         7.8690,         7.9236,         0.0000
     51,        16.5476,         0.1113,        10.2053,        -6.3423,         9.3759,         0.8294,         0.6043,         0.0322,         0.1928,         2.6994,         0.1858,         4.0998,         2.1873,         0.2037,       132.0000,        14.7402,         0.0000,         0.0741,       131.5577,        71.0624,       181.3139,       309.2446,       252.4988,       456.4485,     81210.5781,     72760.7891,         0.9528,         0.9409,         0.9460,       -32.5144,         4.6716,         0.0000,         0.1406,         0.3106,         0.0404,         0.0592,         0.0000,         0.0814,         0.0045,         0.8034,         2.7486,         4.7463,         7.1087,         7.9234,         8.0126,         8.0541,         8.1098,         8.1586,         0.0000
     52,        44.2089,        23.5701,        25.6252,       -18.5837,        14.4196,        11.2056,         8.4476,         0.6069,         2.1511,         4.2950,         0.2891,         6.2157,         3.3115,         0.3084,       109.0000,        14.7402,         0.0000,         0.0741,       142.0167,        69.8252,       176.3919,       317.2432,       253.3666,       457.3048,     81203.6875,     72761.2500,         0.8237,         0.9361,         0.9411,       -74.4478,        13.9447,         0.0000,         0.1152,         0.4882,         0.1021,         0.0251,         0.0104,         0.0797,         0.0018,         0.9288,         2.6147,         4.5965,         7.0455,         8.0606,         8.1884,         8.2410,         8.2975,         8.3487,         0.0000
     53,        83.2806,        52.8743,        56.6810,       -26.5996,        16.8576,        39.8234,        31.0681,         2.5242,         6.2311,         5.1948,         0.3420,         7.1608,         3.8055,         0.3544,       109.0000,        14.7402,         0.0000,         0.0741,       169.2747,        70.6192,       179.6053,       325.2148,       254.0924,       458.6242,     81195.7891,     72763.2500,         0.9527,         0.9375,         0.9420,         8.9289,       150.0000,         0.0000,         0.5019,         0.9757,         0.0472,         0.3776,         0.0296,         0.0947,         0.0445,         1.3931,         2.8188,         4.6884,         7.1020,         8.1747,         8.3398,         8.4104,         8.4750,         8.5327,         0.0000
     54,       136.1178,        50.3166,       105.0108,       -31.1070,        38.4775,        66.5333,        49.9672,         5.0755,        11.4907,        11.9965,         0.7858,        16.2844,         8.6088,         0.8020,       109.0000,        14.7402,         0.0000,         0.0741,       180.6463,        73.7402,       192.0090,       318.8259,       253.8703,       461.8047,     81174.2188,     72772.2969,         0.9527,         0.9358,         0.9407,       -23.0998,       150.0000,         0.0000,         2.2134,         3.3082,         0.4019,         0.9390,         0.5665,         0.7080,         0.0630,         0.9701,         2.8881,         4.1453,         6.2424,         8.3510,         8.6524,         8.7894,         8.8839,         8.9686,         0.0000
     55,       153.5241,        64.6841,       150.6481,        -2.8760,        66.0487,        84.5994,        62.5082,         6.8233,        15.2678,        19.7165,         1.3528,        28.5890,        14.9930,         1.3975,       109.0000,        14.7402,         0.0000,         0.0741,       198.0757,        78.1992,       209.5450,       295.9470,       252.3923,       465.4184,     81136.5234,     72786.2656,         0.9526,         0.9336,         0.9393,       -50.3846,       150.0000,         0.0000,         3.5132,         6.3147,         1.2418,         1.0864,         1.2983,         1.1285,         0.0167,         1.5824,         3.6859,         4.6061,         6.2028,         8.6285,         9.0331,         9.2222,         9.3618,         9.4882,         0.0000
     56,       134.0930,        53.9770,       141.1994,         7.1064,        62.7695,        78.4299,        59.4877,         5.9512,        12.9910,        17.5577,         1.2824,        27.9764,        14.5921,         1.3610,       109.0000,        14.7402,         0.0000,         0.0741,       208.8902,        81.5126,       222.2651,       280.1180,       251.1560,       466.5168,     81099.8125,     72800.7344,         0.9528,         0.9385,         0.9423,       -22.4612,       150.0000,         0.0000,         3.4265,         5.7396,         1.0265,         0.7763,         1.4447,         1.2054,         0.0742,         1.1355,         3.6758,         4.6066,         6.0365,         8.5190,         8.9446,         9.1472,         9.3127,         9.4642,         0.0000
     57,       113.5531,        53.3574,       131.5936,        18.0405,        60.4630,        71.1307,        53.5413,         5.0394,        12.5499,        16.2294,         1.2422,        27.3926,        14.2673,         1.3315,       109.0000,        14.7402,         0.0000,         0.0741,       218.5996,        84.6404,       234.0676,       268.0286,       250.0529,       466.3082,     81063.1094,     72815.3203,         0.9529,         0.9413,         0.9441,       -27.9676,       150.0000,         0.0000,         4.7205,         6.7064,         0.6077,         1.9275,         1.4989,         1.2941,         0.0526,         1.1786,         3.7006,         4.6201,         5.9901,         8.4292,         8.8508,         9.0506,         9.2200,         9.3746,         0.0000
     58,        49.7791,        12.7505,        73.3239,        23.5447,        32.0121,        41.3117,        34.3075,         2.1296,         4.8746,         8.2221,         0.6337,        14.7483,         7.6900,         0.7181,       109.0000,        14.7402,         0.0000,         0.0741,       208.0411,        83.6955,       229.5504,       275.9530,       250.4783,       465.5425,     81043.9297,     72822.7422,         0.9528,         0.9416,         0.9443,       -29.5713,       150.0000,         0.0000,         2.0559,         2.5329,         0.5639,         0.1885,         1.0938,         0.7736,         0.0181,         0.6619,         3.0897,         4.1775,         5.6909,         7.7978,         8.1824,         8.3661,         8.5352,         8.6884,         0.0000
     59,        15.2091,         3.1653,        48.0891,        32.8800,        22.1247,        25.9644,        22.0132,         1.0137,         2.9376,         5.8627,         0.4365,        10.0762,         5.2582,         0.4911,       109.0000,        14.7402,         0.0000,         0.0741,       193.7310,        81.8138,       221.4017,       287.7140,       251.3138,       465.3365,     81030.8125,     72827.7344,         0.9528,         0.9430,         0.9454,         8.8428,       150.0000,         0.0035,         1.6639,         1.9601,         0.0529,         0.6775,         0.5172,         0.4692,         0.0352,         0.9148,         2.9632,         4.5378,         6.0964,         7.5873,         7.8887,         8.0363,         8.1825,         8.3130,         0.0000
     60,         2.9627,         0.0000,        28.0892,        25.1265,        15.7799,        12.3093,         9.4667,         0.3632,         2.4795,         4.2982,         0.3047,         7.1162,         3.7139,         0.3469,       109.0000,        14.7402,         0.0000,         0.0741,       176.6664,        79.3557,       211.0389,       305.4968,       252.6928,       465.3892,     81023.4375,     72827.7344,         0.9530,         0.9465,         0.9484,       -44.0962,       150.0000,         0.0910,         0.6984,         0.9625,         0.0641,         0.2412,         0.3303,         0.1269,         0.0030,         1.6534,         3.4879,         5.4387,         6.8912,         7.6343,         7.7913,         7.8779,         7.9816,         8.0733,         0.0000
     61,         1.2100,         0.0000,         7.9312,         6.7212,         7.2467,         0.6845,         0.5122,         0.0206,         0.1518,         2.0384,         0.1382,         3.2285,         1.6843,         0.1574,       109.0000,        13.9189,         0.0000,         0.0700,       163.2874,        78.1507,       206.0255,       319.4632,       253.4039,       465.5219,     81017.0547,     72827.7344,         0.9530,         0.9388,         0.9484,       -48.5544,         0.0000,         0.0998,         0.2097,         0.2888,         0.0548,         0.0252,         0.0736,         0.1108,         0.0019,         1.1671,         3.4239,         5.2970,         6.9961,         7.6651,         7.7682,         7.8268,         7.9040,         7.9732,         0.0000
     62,         3.7502,         0.0002,         6.5121,         2.7619,         6.4836,         0.0285,         0.0208,         0.0009,         0.0068,         1.9109,         0.1239,         2.8333,         1.4775,         0.1380,       109.0000,        13.9189,         0.0000,         0.0700,       151.0326,        77.1158,       201.7549,       331.8409,       254.0047,       465.7879,     81011.3984,     72827.7344,         0.9530,         0.9288,         0.9494,       -33.9178,         0.0000,         0.1880,         0.1164,         0.2081,         0.0276,         0.0249,         0.0000,         0.0914,         0.0019,         0.9342,         3.0598,         5.0409,         7.0285,         7.7613,         7.8571,         7.9097,         7.9792,         8.0421,         0.0000
     63,        16.3684,         0.0832,        12.6498,        -3.7185,        11.8673,         0.7825,         0.5613,         0.0293,         0.1920,         3.6308,         0.2279,         5.1025,         2.6577,         0.2483,       109.0000,        13.9189,         0.0000,         0.0700,       139.5954,        75.4004,       194.7463,       342.3390,       254.9499,       466.5119,     81005.7109,     72827.7344,         0.9529,         0.9431,         0.9460,         7.5824,         4.4791,         0.0000,         0.1642,         0.4100,         0.0108,         0.0773,         0.0032,         0.0837,         0.0096,         0.8350,         2.8278,         4.9947,         7.1306,         7.9494,         8.0586,         8.1141,         8.1800,         8.2377,         0.0000
     64,        34.0612,        19.2181,        22.0054,       -12.0558,        14.7390,         7.2664,         5.5949,         0.3589,         1.3126,         4.6180,         0.2837,         6.2721,         3.2605,         0.3047,       111.0000,        13.9189,         0.0000,         0.0700,       146.7182,        73.6721,       187.7726,       350.8425,       255.9782,       467.5968,     81000.0859,     72827.7344,         0.9527,         0.9375,         0.9424,       -10.2757,       123.3354,         0.0000,         0.3352,         0.6587,         0.0751,         0.1455,         0.1055,         0.0842,         0.0222,         1.0298,         2.9058,         5.0808,         7.1806,         8.0678,         8.1969,         8.2586,         8.3253,         8.3856,         0.0000
     65,        93.5029,        61.1891,        68.9399,       -24.5630,        23.5565,        45.3833,        32.7566,         2.8054,         9.8213,         7.6696,         0.4633,         9.8466,         5.1003,         0.4767,       111.0000,        13.9189,         0.0000,         0.0700,       180.0188,        74.7853,       192.2040,       354.1245,       256.4605,       469.7920,     80988.2656,     72831.8750,         0.7937,         0.9368,         0.9435,       -78.9732,       150.0000,         0.0000,         0.8450,         1.2660,         0.2802,         0.0416,         0.4734,         0.3300,         0.0012,         0.7311,         3.1412,         4.8258,         6.6920,         8.1237,         8.3301,         8.4323,         8.5155,         8.5907,         0.0000
     66,       127.2879,        48.9529,       112.7237,       -14.5641,        48.8773,        63.8464,        47.3965,         4.5727,        11.8772,        15.6242,         0.9593,        20.6692,        10.6307,         0.9939,       111.0000,        13.9189,         0.0000,         0.0700,       189.9597,        77.6742,       203.6122,       340.2404,       255.9005,       473.7908,     80961.6406,     72844.0156,         0.9527,         0.9356,         0.9406,       -25.7900,       150.0000,         0.0000,         2.9041,         4.5179,         0.5212,         1.1597,         0.8171,         0.9272,         0.0594,         1.1327,         3.0953,         4.1730,         6.0378,         8.3099,         8.6699,         8.8420,         8.9657,         9.0771,         0.0000
     67,       153.1789,        64.1240,       146.6902,        -6.4887,        66.8980,        79.7922,        58.7934,         6.1237,        14.8752,        20.4690,         1.3264,        28.9559,        14.7655,         1.3812,       111.0000,        13.9189,         0.0000,         0.0700,       206.4028,        81.9743,       220.4508,       315.8646,       254.5123,       477.3565,     80924.0625,     72858.0781,         0.9527,         0.9374,         0.9415,        14.1983,       150.0000,         0.0000,         4.6996,         7.2371,         0.6063,         2.1350,         1.2903,         1.2743,         0.2087,         1.6661,         3.8193,         4.7055,         6.2150,         8.6242,         9.0311,         9.2244,         9.3764,         9.5145,         0.0000
     68,       149.8851,        61.8307,       155.7941,         5.9090,        72.6240,        83.1701,        62.6678,         6.3750,        14.1274,        20.7631,         1.4481,        32.4267,        16.4465,         1.5395,       111.0000,        13.9189,         0.0000,         0.0700,       220.4282,        85.9308,       235.6747,       292.3720,       252.9034,       478.3362,     80881.8984,     72870.4688,         0.9528,         0.9385,         0.9422,       -50.7731,       150.0000,         0.0000,         6.0316,         8.5163,         0.5407,         2.6710,         1.7841,         1.5765,         0.0154,         1.4897,         4.1327,         4.9665,         6.2557,         8.7828,         9.1924,         9.3829,         9.5425,         9.6891,         0.0000
     69,       108.4618,        48.1658,       129.9626,        21.5008,        58.7613,        71.2014,        54.6836,         4.9680,        11.5498,        15.9336,         1.1723,        26.7963,        13.5865,         1.2726,       111.0000,        13.9189,         0.0000,         0.0700,       226.7501,        88.4295,       244.8895,       282.0553,       252.0431,       477.4865,     80847.1406,     72884.8594,         0.9525,         0.9399,         0.9433,        20.5237,       150.0000,         0.0000,         5.1772,         6.7976,         0.3024,         2.2012,         1.5721,         1.4039,         0.1292,         1.1052,         3.7341,         4.6005,         5.9448,         8.4717,         8.8871,         9.0774,         9.2415,         9.3920,         0.0000
     70,        51.0045,        16.2326,        81.9699,        30.9654,        38.2533,        43.7166,        36.3496,         2.3319,         5.0351,        10.1186,         0.7523,        17.6037,         8.9409,         0.8379,       111.0000,        13.9189,         0.0000,         0.0700,       217.2395,        87.7110,       241.2170,       286.4741,       252.2677,       476.5120,     80825.2266,     72894.3125,         0.9529,         0.9414,         0.9442,       -52.3654,       150.0000,         0.0000,         2.9536,         3.5682,         0.5165,         0.6960,         1.3097,         0.9479,         0.0085,         0.7287,         3.1718,         4.1586,         5.6301,         7.8983,         8.2895,         8.4679,         8.6301,         8.7772,         0.0000
     71,        24.5551,         5.1057,        53.1375,        28.5823,        24.4047,        28.7327,        24.0038,         1.1574,         3.5715,         6.5596,         0.4744,        11.1620,         5.6765,         0.5322,       111.0000,        13.9189,         0.0000,         0.0700,       203.1689,        85.9859,       233.6532,       297.9832,       253.0793,       476.0982,     80811.4766,     72899.9375,         0.9023,         0.9460,         0.9470,       -62.0557,       150.0000,         0.0485,         1.3165,         1.6910,         0.3593,         0.0703,         0.7200,         0.5262,         0.0042,         0.7568,         3.0882,         4.3792,         5.8778,         7.5555,         7.8712,         8.0175,         8.1592,         8.2859,         0.0000
     72,         1.9120,         0.0000,        27.3947,        25.4827,        16.2168,        11.1778,         8.6237,         0.3319,         2.2222,         4.4636,         0.3088,         7.3527,         3.7409,         0.3508,       111.0000,        13.9189,         0.0000,         0.0700,       185.2730,        83.6037,       223.5620,       315.9221,       254.3839,       476.0042,     80803.1875,     72901.2422,         0.9265,         0.9435,         0.9461,       -55.9064,       150.0000,         0.0037,         0.7029,         1.0454,         0.0719,         0.2365,         0.2845,         0.1819,         0.0026,         1.4844,         3.3698,         5.3558,         6.7367,         7.5239,         7.6954,         7.7834,         7.8872,         7.9788,         0.0000
     73,         2.2713,         0.0000,        13.4123,        11.1410,        12.9070,         0.5053,         0.3765,         0.0153,         0.1134,         3.7402,         0.2458,         5.7320,         2.9156,         0.2734,       111.0000,        16.1878,         0.0000,         0.0814,       171.1936,        81.5652,       215.0558,       330.2245,       255.5519,       476.2645,     80796.9766,     72901.2422,         0.9529,         0.9461,         0.9475,       -19.0739,       150.0000,         0.2190,         0.2271,         0.5927,         0.0450,         0.0404,         0.0701,         0.1165,         0.0043,         1.6444,         3.6009,         5.5952,         7.0702,         7.7002,         7.8081,         7.8659,         7.9382,         8.0012,         0.0000
     74,         7.0752,         0.0030,        14.2906,         7.2154,        14.0986,         0.1919,         0.1408,         0.0062,         0.0449,         4.2214,         0.2679,         6.1763,         3.1387,         0.2944,       111.0000,        16.1878,         0.0000,         0.0814,       158.1857,        79.4310,       206.2792,       342.6494,       256.7529,       476.7825,     80791.3516,     72901.2422,         0.9528,         0.9407,         0.9442,         3.9480,        37.5000,         0.0262,         0.2380,         0.6153,         0.0346,         0.0562,         0.0589,         0.1230,         0.0062,         1.6255,         3.7097,         5.5022,         7.1778,         7.8583,         7.9563,         8.0087,         8.0729,         8.1303,         0.0000
     75,        14.0642,         0.0984,        12.5489,        -1.5152,        11.9709,         0.5780,         0.4229,         0.0232,         0.1320,         3.6791,         0.2264,         5.1863,         2.6323,         0.2469,       111.0000,        16.1878,         0.0000,         0.0814,       146.2137,        77.6718,       199.1450,       353.7421,       257.7415,       477.3771,     80785.2969,     72901.2422,         0.9528,         0.9410,         0.9444,       -45.6674,        27.4932,         0.0000,         0.3055,         0.4425,         0.0559,         0.0446,         0.1519,         0.1090,         0.0039,         1.1884,         3.6302,         5.4654,         7.1919,         7.9221,         8.0284,         8.0847,         8.1508,         8.2101,         0.0000
     76,        42.0886,        30.0124,        30.0827,       -12.0059,        16.7064,        13.3763,        10.4942,         0.6228,         2.2593,         5.3153,         0.3198,         7.1239,         3.6088,         0.3385,       106.0000,        16.1878,         0.0000,         0.0814,       162.6389,        76.0614,       192.6949,       361.3141,       258.6895,       478.5420,     80778.6328,     72902.2812,         0.9524,         0.9368,         0.9417,        -8.0971,       150.0000,         0.0000,         0.5785,         1.0353,         0.1012,         0.2857,         0.1654,         0.1274,         0.0387,         1.7597,         3.7642,         5.5848,         7.2256,         8.0231,         8.1624,         8.2359,         8.3066,         8.3700,         0.0000
     77,        82.8474,        48.6215,        73.9424,        -8.9050,        32.4608,        41.4816,        32.0916,         2.4092,         6.9808,        10.4731,         0.6260,        13.7649,         6.9453,         0.6516,       106.0000,        16.1878,         0.0000,         0.0814,       185.5829,        76.3573,       193.9087,       359.7468,       258.9358,       480.9705,     80761.0703,     72908.6328,         0.9528,         0.9402,         0.9433,       -39.9371,       150.0000,         0.0000,         1.4730,         2.2121,         0.4724,         0.2052,         0.6131,         0.6547,         0.0172,         0.8285,         3.1182,         4.4284,         6.2518,         8.0677,         8.3392,         8.4737,         8.5746,         8.6655,         0.0000
     78,       141.8225,        52.1485,       126.6236,       -15.1990,        53.2237,        73.3999,        55.1042,         5.5267,        12.7690,        16.8948,         1.0354,        22.7953,        11.4258,         1.0724,       106.0000,        16.1878,         0.0000,         0.0814,       196.5635,        79.5153,       206.4665,       343.3662,       258.2273,       484.3875,     80732.0078,     72922.2969,         0.9528,         0.9382,         0.9418,         3.8293,       150.0000,         0.0000,         3.3480,         5.0936,         0.4409,         1.3784,         0.9332,         1.0364,         0.1390,         1.0575,         3.1579,         4.1875,         5.9334,         8.2694,         8.6494,         8.8320,         8.9702,         9.0951,         0.0000
     79,       157.1440,        61.0642,       152.1652,        -4.9789,        67.8356,        84.3296,        63.2492,         6.6117,        14.4686,        20.6243,         1.3351,        29.6982,        14.7892,         1.3889,       106.0000,        16.1878,         0.0000,         0.0814,       211.0226,        83.4648,       221.9866,       320.1892,       256.9214,       486.8322,     80695.7656,     72937.0938,         0.9527,         0.9362,         0.9410,       -49.7960,       150.0000,         0.0000,         3.5096,         6.4608,         1.3697,         0.8364,         1.5044,         1.1687,         0.0188,         1.4808,         3.7501,         4.6611,         6.1240,         8.5450,         8.9509,         9.1427,         9.2979,         9.4387,         0.0000
     80,       131.5789,        53.3573,       145.8655,        14.2866,        62.8026,        83.0629,        63.5325,         6.3388,        13.1916,        18.0653,         1.2394,        28.1891,        13.9938,         1.3150,       106.0000,        16.1878,         0.0000,         0.0814,       220.6222,        86.5659,       233.9106,       304.6082,       255.9098,       487.0987,     80661.5312,     72952.5781,         0.9528,         0.9411,         0.9439,         4.9364,       150.0000,         0.0000,         3.4011,         5.8985,         1.1242,         0.7164,         1.4679,         1.2167,         0.1460,         1.1507,         3.6556,         4.5531,         5.9690,         8.4578,         8.8713,         9.0633,         9.2252,         9.3725,         0.0000
     81,       102.5112,        44.7217,       124.6051,        22.0939,        55.2606,        69.3445,        53.4396,         4.7822,        11.1226,        15.4388,         1.0965,        25.0946,        12.4592,         1.1715,       106.0000,        16.1878,         0.0000,         0.0814,       225.3559,        88.7150,       241.8894,       295.6099,       255.2649,       486.4962,     80630.1953,     72967.8281,         0.9528,         0.9423,         0.9448,        28.8888,       150.0000,         0.0000,         4.1598,         5.8737,         0.5230,         1.5665,         1.3944,         1.1989,         0.1355,         1.2013,         3.5708,         4.4716,         5.9047,         8.3200,         8.7303,         8.9177,         9.0768,         9.2209,         0.0000
     82,        47.6751,        17.6180,        77.7959,        30.1208,        36.6712,        41.1247,        33.4398,         2.1317,         5.5531,         9.9484,         0.7138,        16.8458,         8.3752,         0.7879,       106.0000,        16.1878,         0.0000,         0.0814,       216.6465,        88.1306,       238.9049,       300.0863,       255.5779,       485.5669,     80609.4453,     72976.5547,         0.9528,         0.9402,         0.9432,       -44.8705,       150.0000,         0.0000,         2.9739,         3.4451,         0.3514,         0.8174,         1.2468,         0.9097,         0.0110,         0.7193,         3.0603,         4.0788,         5.6398,         7.8440,         8.2254,         8.3993,         8.5547,         8.6944,         0.0000
     83,         3.1012,         0.0000,        33.6952,        30.5939,        18.7383,        14.9569,        11.6130,         0.4296,         2.9143,         5.0642,         0.3530,         8.6240,         4.2932,         0.4040,       106.0000,        16.1878,         0.0000,         0.0814,       200.1831,        85.8214,       229.1418,       314.9016,       256.7204,       485.0629,     80600.5625,     72979.2969,         0.9529,         0.9448,         0.9465,       -39.6152,       150.0000,         0.1384,         1.0681,         1.3881,         0.2323,         0.2087,         0.5491,         0.3102,         0.0089,         1.2958,         3.2865,         4.8557,         6.3096,         7.5233,         7.7910,         7.9178,         8.0482,         8.1639,         0.0000
     84,         2.1412,         0.0000,        21.7668,        19.6256,        14.7065,         7.0603,         5.4791,         0.2123,         1.3689,         4.1414,         0.2754,         6.6602,         3.3172,         0.3122,       106.0000,        16.1878,         0.0000,         0.0814,       182.5502,        83.4851,       219.4168,       333.0843,       258.0732,       484.9744,     80593.8828,     72979.2969,         0.9474,         0.9434,         0.9485,       -51.3405,         0.0000,         0.1353,         0.4486,         0.7665,         0.1222,         0.0589,         0.2533,         0.1364,         0.0029,         1.5372,         3.6054,         5.5140,         6.8798,         7.5545,         7.6902,         7.7626,         7.8501,         7.9271,         0.0000
     85,         1.7795,         0.0000,         7.0586,         5.2791,         6.8642,         0.1944,         0.1452,         0.0059,         0.0432,         2.0397,         0.1288,         3.0396,         1.5137,         0.1425,       106.0000,        13.9645,         0.0000,         0.0702,       168.6777,        82.3453,       214.7279,       347.2184,       258.7522,       485.1208,     80587.9922,     72979.2969,         0.9530,         0.9303,         0.9493,       -49.8638,         0.0000,         0.3079,         0.1309,         0.2422,         0.0441,         0.0196,         0.0097,         0.1016,         0.0018,         1.0536,         3.3694,         5.2740,         7.0099,         7.6412,         7.7280,         7.7776,         7.8488,         7.9128,         0.0000
     86,         3.1516,         0.0000,         5.7050,         2.5534,         5.6866,         0.0184,         0.0134,         0.0006,         0.0044,         1.7398,         0.1061,         2.4865,         1.2377,         0.1165,       106.0000,        13.9645,         0.0000,         0.0702,       155.8634,        81.4101,       210.9089,       360.0862,       259.3088,       485.3301,     80582.3672,     72979.2969,         0.9530,         0.9225,         0.9499,       -34.1541,         0.0000,         0.5866,         0.1044,         0.1817,         0.0338,         0.0159,         0.0000,         0.0885,         0.0018,         0.9022,         3.0067,         4.9953,         7.0093,         7.7272,         7.8118,         7.8559,         7.9183,         7.9750,         0.0000
     87,        10.1542,         0.0000,        13.9142,         3.7600,        13.8370,         0.0772,         0.0559,         0.0026,         0.0187,         4.3840,         0.2599,         5.9539,         2.9605,         0.2787,       106.0000,        13.9645,         0.0000,         0.0702,       144.0189,        79.3603,       202.6243,       370.5616,       260.4616,       486.1049,     80576.5859,     72979.2969,         0.9529,         0.9422,         0.9454,       -41.2506,         0.0000,         0.5776,         0.1386,         0.4271,         0.0349,         0.0122,         0.0440,         0.0825,         0.0015,         0.8329,         2.8422,         5.0331,         7.1189,         7.9267,         8.0326,         8.0826,         8.1411,         8.1929,         0.0000
     88,        27.9958,         1.1538,        14.8484,       -13.1473,        11.8955,         2.9529,         2.2264,         0.1553,         0.5712,         3.8423,         0.2224,         5.0746,         2.5191,         0.2371,       106.0000,        13.9645,         0.0000,         0.0702,       133.6454,        77.7594,       196.2408,       379.8472,       261.4129,       486.8929,     80570.4375,     72979.2969,         0.9527,         0.9377,         0.9422,        13.1175,        78.7373,         0.0000,         0.1910,         0.4250,         0.0275,         0.0735,         0.0368,         0.0807,         0.0231,         0.8135,         2.7614,         4.9380,         7.1481,         8.0198,         8.1434,         8.2001,         8.2609,         8.3156,         0.0000
     89,        88.5953,        64.0925,        65.7479,       -22.8474,        23.4809,        42.2670,        27.9643,         2.6711,        11.6316,         7.9495,         0.4539,         9.7812,         4.8405,         0.4557,       128.0000,        13.9645,         0.0000,         0.0702,       171.8437,        78.5456,       199.4531,       381.5279,       262.1157,       489.1207,     80559.8672,     72982.7109,         0.9528,         0.9391,         0.9427,         9.8631,       150.0000,         0.0000,         0.8002,         1.6043,         0.2968,         0.3054,         0.2446,         0.2502,         0.1179,         1.1925,         3.2445,         5.0360,         6.9898,         8.2072,         8.3822,         8.4662,         8.5371,         8.6006,         0.0000
     90,       137.8289,        63.9922,       121.0287,       -16.8001,        55.9021,        65.1265,        47.2736,         4.6147,        13.2383,        18.3963,         1.0799,        23.6915,        11.6383,         1.0962,       128.0000,        13.9645,         0.0000,         0.0702,       195.1397,        81.6176,       211.6871,       360.9901,       261.3246,       493.3896,     80530.9922,     72996.7344,         0.9528,         0.9406,         0.9434,        -3.8537,       150.0000,         0.0000,         4.1829,         5.7776,         0.2095,         2.0994,         0.9540,         1.1295,         0.1253,         1.3898,         3.4878,         4.5170,         6.2489,         8.5097,         8.8583,         9.0233,         9.1387,         9.2427,         0.0000
     91,       155.4123,        62.1278,       157.9541,         2.5417,        78.7824,        79.1717,        59.0911,         6.0551,        14.0254,        24.3038,         1.5367,        34.5284,        16.8276,         1.5859,       128.0000,        13.9645,         0.0000,         0.0702,       210.1188,        85.6103,       227.3679,       327.8663,       259.5008,       496.0645,     80488.8750,     73009.3984,         0.9312,         0.9370,         0.9413,       -57.5203,       150.0000,         0.0000,         6.0973,         9.0495,         0.6545,         2.8441,         1.6722,         1.5809,         0.0101,         1.5425,         4.2930,         5.1158,         6.4049,         8.9011,         9.2950,         9.4802,         9.6263,         9.7604,         0.0000
     92,       134.9011,        58.6194,       147.8993,        12.9982,        65.1073,        82.7920,        62.4801,         6.2821,        14.0297,        18.9683,         1.2849,        29.2792,        14.2327,         1.3422,       128.0000,        13.9645,         0.0000,         0.0702,       222.3313,        89.3360,       241.8142,       310.3123,       258.3369,       496.0547,     80455.2344,     73024.7422,         0.9529,         0.9415,         0.9445,       -48.7712,       150.0000,         0.0000,         2.8890,         5.0522,         1.0385,         0.0228,         1.6641,         1.2021,         0.0167,         1.3664,         3.9518,         4.7747,         6.0816,         8.6252,         9.0415,         9.2338,         9.3961,         9.5462,         0.0000
     93,        88.1878,        38.4071,       118.7032,        30.5153,        57.8895,        60.8136,        47.5400,         3.9642,         9.3094,        16.1563,         1.1409,        26.4883,        12.8879,         1.2162,       128.0000,        13.9645,         0.0000,         0.0702,       223.7445,        90.7786,       246.9296,       300.6499,       257.6866,       494.7500,     80423.6641,     73039.3281,         0.9529,         0.9424,         0.9450,        10.2550,       150.0000,         0.0000,         3.5571,         5.6796,         0.9877,         0.8888,         1.4539,         1.2144,         0.0963,         0.9695,         3.6786,         4.5427,         5.8923,         8.3754,         8.7895,         8.9797,         9.1432,         9.2924,         0.0000
     94,        18.7631,         0.9211,        57.8403,        39.0771,        29.0307,        28.8096,        25.0915,         1.0545,         2.6637,         7.8731,         0.5570,        13.4314,         6.5507,         0.6184,       128.0000,        13.9645,         0.0000,         0.0702,       207.1884,        88.4924,       237.2064,       309.4655,       258.3885,       493.6859,     80406.7500,     73045.9219,         0.9529,         0.9433,         0.9452,         7.6222,       150.0000,         0.0000,         2.6764,         2.7757,         0.0972,         0.9121,         0.9935,         0.7708,         0.0515,         0.7898,         3.3148,         4.4002,         5.8350,         7.7669,         8.1226,         8.2886,         8.4477,         8.5916,         0.0000
     95,         4.2115,         0.0000,        31.8970,        27.6855,        18.3134,        13.5836,        10.8678,         0.4197,         2.2960,         5.0594,         0.3467,         8.4116,         4.1079,         0.3879,       128.0000,        13.9645,         0.0000,         0.0702,       191.4438,        86.1740,       227.5139,       323.4482,       259.5517,       493.2043,     80398.1641,     73048.2969,         0.9529,         0.9454,         0.9469,       -47.9772,       150.0000,         0.0709,         1.1268,         1.3505,         0.1522,         0.3061,         0.5390,         0.2816,         0.0036,         1.5124,         3.7740,         5.3140,         6.5403,         7.5587,         7.7960,         7.9146,         8.0437,         8.1584,         0.0000
     96,         1.8245,         0.0000,        23.5205,        21.6960,        16.2899,         7.2306,         5.4212,         0.2223,         1.5872,         4.6842,         0.3061,         7.3624,         3.5975,         0.3397,       128.0000,        13.9645,         0.0000,         0.0702,       174.5807,        83.5658,       216.7868,       340.6709,       261.0640,       493.1178,     80391.6016,     73048.2969,         0.9530,         0.9473,         0.9480,       -25.1090,       150.0000,         0.4147,         0.3779,         0.7730,         0.0792,         0.0440,         0.1877,         0.1463,         0.0042,         1.8069,         3.9552,         5.9502,         7.0870,         7.6714,         7.7913,         7.8601,         7.9463,         8.0219,         0.0000
